Output Port;Fan Out
ZERO_g00.fixed_out_1;66
ZERO_g00.fixed_out_32;26
ONE_g00.fixed_out_1;26
ZERO_g00.fixed_out_12;20
DLINE_1_16_DLINE_1_16_g0_auto_0.out;9
ONE_g00.fixed_out_32;8
ONE_g00.fixed_out_12;8
GENERIC_VALUE_g05.out;8
GENERIC_VALUE_g04.out;8
DLINE_32_16_DLINE_32_16_g0_auto_1.out;8
TU_4_4_12_TU_4_4_12_g0_auto_0.enable_K_;6
TU_4_4_12_TU_4_4_12_g0_auto_1.start_K_;5
TU_4_4_12_TU_4_4_12_g0_auto_1.start_J_;5
TU_4_4_12_TU_4_4_12_g0_auto_1.enable_J_;5
TU_4_4_12_TU_4_4_12_g0_auto_0.start_K_;5
BM_BM_g0_auto_2.out;5
ZERO_g00.fixed_out_14;4
TU_4_4_12_TU_4_4_12_g0_auto_0.start_J_;4
TU_4_4_12_TU_4_4_12_g0_auto_0.enable_J_;4
SIW_CTRL_SIW_CTRL_auto_0.out7;4
SIW_CTRL_SIW_CTRL_auto_0.out6;4
SIW_CTRL_SIW_CTRL_auto_0.out2;4
SIW_CTRL_SIW_CTRL_auto_0.out1;4
SIW_CTRL_SIW_CTRL_auto_0.out0;4
BAU_12_BAU_12_g0_auto_3.out;4
BAU_12_BAU_12_g0_auto_12.out;4
TU_4_4_12_TU_4_4_12_g0_auto_1.enable_K_;3
MUX2TO1_32_MUX2TO1_32_g0_auto_0.out;3
MEM_g09.data_b;3
MEM_g09.data_a;3
MEM_g08.data_b;3
MEM_g08.data_a;3
MEM_g01.data_b;3
MEM_g01.data_a;3
MEM_g00.data_b;3
MEM_g00.data_a;3
GENERIC_VALUE_g06.out;3
DLINE_32_16_DLINE_32_16_g0_auto_0.out;3
CLIP_32_CLIP_32_g0_auto_7.out;3
CLIP_32_CLIP_32_g0_auto_3.out;3
BM_BM_g0_auto_0.out;3
BAU_12_BAU_12_g0_auto_9.out;3
BAU_12_BAU_12_g0_auto_4.out;3
ZERO_g00.fixed_out_8;2
TWO_g00.fixed_out_12;2
TU_4_4_12_TU_4_4_12_g0_auto_1.start_I_;2
TU_4_4_12_TU_4_4_12_g0_auto_1.enable_I_;2
SREG_32_SREG_32_g0_auto_7.out;2
SREG_32_SREG_32_g0_auto_6.out;2
SREG_32_SREG_32_g0_auto_5.out;2
SREG_32_SREG_32_g0_auto_4.out;2
SREG_32_SREG_32_g0_auto_3.out;2
SREG_32_SREG_32_g0_auto_2.out;2
SREG_32_SREG_32_g0_auto_1.out;2
SREG_32_SREG_32_g0_auto_0.out;2
SREG_12_SREG_12_g0_auto_1.out;2
SREG_12_SREG_12_g0_auto_0.out;2
SIW_CTRL_SIW_CTRL_auto_0.out5;2
SIW_CTRL_SIW_CTRL_auto_0.out4;2
SIW_CTRL_SIW_CTRL_auto_0.en;2
SEP_32_SEP_32_g0_auto_1.b1;2
SEP_32_SEP_32_g0_auto_0.b1;2
ND_ND_g0_auto_0.ulMO_;2
GENERIC_VALUE_g01.out;2
BLU_1_BLU_1_g0_auto_1.out;2
BAU_12_BAU_12_g0_auto_8.out;2
BAU_12_BAU_12_g0_auto_13.out;2
BAU_12_BAU_12_g0_auto_11.out;2
BAU_12_BAU_12_g0_auto_10.out;2
BAU_12_BAU_12_g0_auto_1.out;2
BAU_12_BAU_12_g0_auto_0.out;2
BADD_32_BADD_32_g0_auto_2.add;2
BADD_32_BADD_32_g0_auto_10.add;2
BADD_32_BADD_32_g0_auto_1.add;2
BADD_32_BADD_32_g0_auto_0.add;2
BADD3_32_BADD3_32_g0_auto_3.out;2
BADD3_32_BADD3_32_g0_auto_2.out;2
BADD3_32_BADD3_32_g0_auto_1.out;2
BADD3_32_BADD3_32_g0_auto_0.out;2
mONE_g00.fixed_out_32;1
ZERO_g00.fixed_out_7;1
ZERO_g00.fixed_out_2;1
TU_4_4_12_TU_4_4_12_g0_auto_1.done;1
TU_4_4_12_TU_4_4_12_g0_auto_0.start_I_;1
TU_4_4_12_TU_4_4_12_g0_auto_0.enable_I_;1
TU_4_4_12_TU_4_4_12_g0_auto_0.done;1
THREE_g00.fixed_out_12;1
SREG_32_SREG_32_g0_auto_9.out;1
SREG_32_SREG_32_g0_auto_8.out;1
SIW_CTRL_SIW_CTRL_auto_0.out3;1
SIW_CTRL_SIW_CTRL_auto_0.m0B_out3;1
SIW_CTRL_SIW_CTRL_auto_0.m0B_out2;1
SIW_CTRL_SIW_CTRL_auto_0.m0B_out1;1
SIW_CTRL_SIW_CTRL_auto_0.m0B_out0;1
SIW_CTRL_SIW_CTRL_auto_0.m0A_out3;1
SIW_CTRL_SIW_CTRL_auto_0.m0A_out2;1
SIW_CTRL_SIW_CTRL_auto_0.m0A_out1;1
SIW_CTRL_SIW_CTRL_auto_0.m0A_out0;1
SHIFT_R5_32_SHIFT_R5_32_g0_auto_7.out;1
SHIFT_R5_32_SHIFT_R5_32_g0_auto_6.out;1
SHIFT_R5_32_SHIFT_R5_32_g0_auto_5.out;1
SHIFT_R5_32_SHIFT_R5_32_g0_auto_4.out;1
SHIFT_R5_32_SHIFT_R5_32_g0_auto_3.out;1
SHIFT_R5_32_SHIFT_R5_32_g0_auto_2.out;1
SHIFT_R5_32_SHIFT_R5_32_g0_auto_1.out;1
SHIFT_R5_32_SHIFT_R5_32_g0_auto_0.out;1
SEP_32_SEP_32_g0_auto_1.b7;1
SEP_32_SEP_32_g0_auto_1.b6;1
SEP_32_SEP_32_g0_auto_1.b5;1
SEP_32_SEP_32_g0_auto_1.b4;1
SEP_32_SEP_32_g0_auto_1.b3;1
SEP_32_SEP_32_g0_auto_1.b2;1
SEP_32_SEP_32_g0_auto_1.b0;1
SEP_32_SEP_32_g0_auto_0.b7;1
SEP_32_SEP_32_g0_auto_0.b6;1
SEP_32_SEP_32_g0_auto_0.b5;1
SEP_32_SEP_32_g0_auto_0.b4;1
SEP_32_SEP_32_g0_auto_0.b3;1
SEP_32_SEP_32_g0_auto_0.b2;1
SEP_32_SEP_32_g0_auto_0.b0;1
ND_ND_g0_auto_0.urMO_;1
ND_ND_g0_auto_0.upMO_;1
ND_ND_g0_auto_0.leMO_;1
MUX4TO1_32_MUX4TO1_32_g0_auto_7.out;1
MUX4TO1_32_MUX4TO1_32_g0_auto_6.out;1
MUX4TO1_32_MUX4TO1_32_g0_auto_5.out;1
MUX4TO1_32_MUX4TO1_32_g0_auto_4.out;1
MUX4TO1_32_MUX4TO1_32_g0_auto_3.out;1
MUX4TO1_32_MUX4TO1_32_g0_auto_2.out;1
MUX4TO1_32_MUX4TO1_32_g0_auto_1.out;1
MUX4TO1_32_MUX4TO1_32_g0_auto_0.out;1
MUL_D4_32_64_MUL_D4_32_64_g0_auto_7.out;1
MUL_D4_32_64_MUL_D4_32_64_g0_auto_6.out;1
MUL_D4_32_64_MUL_D4_32_64_g0_auto_5.out;1
MUL_D4_32_64_MUL_D4_32_64_g0_auto_4.out;1
MUL_D4_32_64_MUL_D4_32_64_g0_auto_3.out;1
MUL_D4_32_64_MUL_D4_32_64_g0_auto_2.out;1
MUL_D4_32_64_MUL_D4_32_64_g0_auto_1.out;1
MUL_D4_32_64_MUL_D4_32_64_g0_auto_0.out;1
MEM_g06.data_b;1
MEM_g06.data_a;1
GENERIC_VALUE_g08.out;1
GENERIC_VALUE_g07.out;1
GENERIC_VALUE_g03.out;1
GENERIC_VALUE_g00.out;1
CONC_32_CONC_32_g0_auto_1.out;1
CONC_32_CONC_32_g0_auto_0.out;1
CLIP_32_CLIP_32_g0_auto_6.out;1
CLIP_32_CLIP_32_g0_auto_5.out;1
CLIP_32_CLIP_32_g0_auto_4.out;1
CLIP_32_CLIP_32_g0_auto_2.out;1
CLIP_32_CLIP_32_g0_auto_1.out;1
CLIP_32_CLIP_32_g0_auto_0.out;1
BM_BM_g0_auto_1.out;1
BLU_1_BLU_1_g0_auto_0.out;1
BD_BD_g0_auto_1.out3;1
BD_BD_g0_auto_1.out2;1
BD_BD_g0_auto_1.out1;1
BD_BD_g0_auto_1.out0;1
BD_BD_g0_auto_0.out3;1
BD_BD_g0_auto_0.out2;1
BD_BD_g0_auto_0.out1;1
BD_BD_g0_auto_0.out0;1
BAU_14_BAU_14_g0_auto_3.out;1
BAU_14_BAU_14_g0_auto_2.out;1
BAU_14_BAU_14_g0_auto_1.out;1
BAU_14_BAU_14_g0_auto_0.out;1
BAU_12_BAU_12_g0_auto_7.out;1
BAU_12_BAU_12_g0_auto_6.out;1
BAU_12_BAU_12_g0_auto_5.out;1
BAU_12_BAU_12_g0_auto_4.gt;1
BAU_12_BAU_12_g0_auto_2.out;1
BAU_12_BAU_12_g0_auto_2.lt;1
BAU_12_BAU_12_g0_auto_2.eq;1
BADD_32_BADD_32_g0_auto_9.add;1
BADD_32_BADD_32_g0_auto_8.add;1
BADD_32_BADD_32_g0_auto_7.add;1
BADD_32_BADD_32_g0_auto_6.add;1
BADD_32_BADD_32_g0_auto_5.add;1
BADD_32_BADD_32_g0_auto_4.add;1
BADD_32_BADD_32_g0_auto_3.add;1
BADD3_32_BADD3_32_g0_auto_7.out;1
BADD3_32_BADD3_32_g0_auto_6.out;1
BADD3_32_BADD3_32_g0_auto_5.out;1
BADD3_32_BADD3_32_g0_auto_4.out;1
TU_4_4_12_TU_4_4_12_g0_auto_1.start_H_;0
TU_4_4_12_TU_4_4_12_g0_auto_1.end_K_;0
TU_4_4_12_TU_4_4_12_g0_auto_1.end_J_;0
TU_4_4_12_TU_4_4_12_g0_auto_1.end_I_;0
TU_4_4_12_TU_4_4_12_g0_auto_1.end_H_;0
TU_4_4_12_TU_4_4_12_g0_auto_1.enable_H_;0
TU_4_4_12_TU_4_4_12_g0_auto_0.start_H_;0
TU_4_4_12_TU_4_4_12_g0_auto_0.end_K_;0
TU_4_4_12_TU_4_4_12_g0_auto_0.end_J_;0
TU_4_4_12_TU_4_4_12_g0_auto_0.end_I_;0
TU_4_4_12_TU_4_4_12_g0_auto_0.end_H_;0
TU_4_4_12_TU_4_4_12_g0_auto_0.enable_H_;0
SIW_CTRL_SIW_CTRL_auto_0.pl;0
SIW_CTRL_SIW_CTRL_auto_0.out9;0
SIW_CTRL_SIW_CTRL_auto_0.out8;0
SIW_CTRL_SIW_CTRL_auto_0.data_out_B3;0
SIW_CTRL_SIW_CTRL_auto_0.data_out_B2;0
SIW_CTRL_SIW_CTRL_auto_0.data_out_B1;0
SIW_CTRL_SIW_CTRL_auto_0.data_out_B0;0
SIW_CTRL_SIW_CTRL_auto_0.data_out_A3;0
SIW_CTRL_SIW_CTRL_auto_0.data_out_A2;0
SIW_CTRL_SIW_CTRL_auto_0.data_out_A1;0
SIW_CTRL_SIW_CTRL_auto_0.data_out_A0;0
SEP_32_SEP_32_g0_auto_1.b9;0
SEP_32_SEP_32_g0_auto_1.b8;0
SEP_32_SEP_32_g0_auto_1.b31;0
SEP_32_SEP_32_g0_auto_1.b30;0
SEP_32_SEP_32_g0_auto_1.b29;0
SEP_32_SEP_32_g0_auto_1.b28;0
SEP_32_SEP_32_g0_auto_1.b27;0
SEP_32_SEP_32_g0_auto_1.b26;0
SEP_32_SEP_32_g0_auto_1.b25;0
SEP_32_SEP_32_g0_auto_1.b24;0
SEP_32_SEP_32_g0_auto_1.b23;0
SEP_32_SEP_32_g0_auto_1.b22;0
SEP_32_SEP_32_g0_auto_1.b21;0
SEP_32_SEP_32_g0_auto_1.b20;0
SEP_32_SEP_32_g0_auto_1.b19;0
SEP_32_SEP_32_g0_auto_1.b18;0
SEP_32_SEP_32_g0_auto_1.b17;0
SEP_32_SEP_32_g0_auto_1.b16;0
SEP_32_SEP_32_g0_auto_1.b15;0
SEP_32_SEP_32_g0_auto_1.b14;0
SEP_32_SEP_32_g0_auto_1.b13;0
SEP_32_SEP_32_g0_auto_1.b12;0
SEP_32_SEP_32_g0_auto_1.b11;0
SEP_32_SEP_32_g0_auto_1.b10;0
SEP_32_SEP_32_g0_auto_0.b9;0
SEP_32_SEP_32_g0_auto_0.b8;0
SEP_32_SEP_32_g0_auto_0.b31;0
SEP_32_SEP_32_g0_auto_0.b30;0
SEP_32_SEP_32_g0_auto_0.b29;0
SEP_32_SEP_32_g0_auto_0.b28;0
SEP_32_SEP_32_g0_auto_0.b27;0
SEP_32_SEP_32_g0_auto_0.b26;0
SEP_32_SEP_32_g0_auto_0.b25;0
SEP_32_SEP_32_g0_auto_0.b24;0
SEP_32_SEP_32_g0_auto_0.b23;0
SEP_32_SEP_32_g0_auto_0.b22;0
SEP_32_SEP_32_g0_auto_0.b21;0
SEP_32_SEP_32_g0_auto_0.b20;0
SEP_32_SEP_32_g0_auto_0.b19;0
SEP_32_SEP_32_g0_auto_0.b18;0
SEP_32_SEP_32_g0_auto_0.b17;0
SEP_32_SEP_32_g0_auto_0.b16;0
SEP_32_SEP_32_g0_auto_0.b15;0
SEP_32_SEP_32_g0_auto_0.b14;0
SEP_32_SEP_32_g0_auto_0.b13;0
SEP_32_SEP_32_g0_auto_0.b12;0
SEP_32_SEP_32_g0_auto_0.b11;0
SEP_32_SEP_32_g0_auto_0.b10;0
ND_ND_g0_auto_0.urY;0
ND_ND_g0_auto_0.urX;0
ND_ND_g0_auto_0.urN;0
ND_ND_g0_auto_0.urMO;0
ND_ND_g0_auto_0.urA;0
ND_ND_g0_auto_0.upY;0
ND_ND_g0_auto_0.upX;0
ND_ND_g0_auto_0.upN;0
ND_ND_g0_auto_0.upMO;0
ND_ND_g0_auto_0.upA;0
ND_ND_g0_auto_0.ulY;0
ND_ND_g0_auto_0.ulX;0
ND_ND_g0_auto_0.ulN;0
ND_ND_g0_auto_0.ulMO;0
ND_ND_g0_auto_0.ulA;0
ND_ND_g0_auto_0.num;0
ND_ND_g0_auto_0.leY;0
ND_ND_g0_auto_0.leX;0
ND_ND_g0_auto_0.leN;0
ND_ND_g0_auto_0.leMO;0
ND_ND_g0_auto_0.leA;0
MUL_D4_32_64_MUL_D4_32_64_g0_auto_7.out_64_lsh1;0
MUL_D4_32_64_MUL_D4_32_64_g0_auto_7.out_64;0
MUL_D4_32_64_MUL_D4_32_64_g0_auto_6.out_64_lsh1;0
MUL_D4_32_64_MUL_D4_32_64_g0_auto_6.out_64;0
MUL_D4_32_64_MUL_D4_32_64_g0_auto_5.out_64_lsh1;0
MUL_D4_32_64_MUL_D4_32_64_g0_auto_5.out_64;0
MUL_D4_32_64_MUL_D4_32_64_g0_auto_4.out_64_lsh1;0
MUL_D4_32_64_MUL_D4_32_64_g0_auto_4.out_64;0
MUL_D4_32_64_MUL_D4_32_64_g0_auto_3.out_64_lsh1;0
MUL_D4_32_64_MUL_D4_32_64_g0_auto_3.out_64;0
MUL_D4_32_64_MUL_D4_32_64_g0_auto_2.out_64_lsh1;0
MUL_D4_32_64_MUL_D4_32_64_g0_auto_2.out_64;0
MUL_D4_32_64_MUL_D4_32_64_g0_auto_1.out_64_lsh1;0
MUL_D4_32_64_MUL_D4_32_64_g0_auto_1.out_64;0
MUL_D4_32_64_MUL_D4_32_64_g0_auto_0.out_64_lsh1;0
MUL_D4_32_64_MUL_D4_32_64_g0_auto_0.out_64;0
MEM_g07.data_b;0
MEM_g07.data_a;0
MEM_g05.data_b;0
MEM_g05.data_a;0
MEM_g04.data_b;0
MEM_g04.data_a;0
MEM_g03.data_b;0
MEM_g03.data_a;0
GENERIC_VALUE_g02.out;0
BAU_14_BAU_14_g0_auto_3.out_revert;0
BAU_14_BAU_14_g0_auto_3.ne;0
BAU_14_BAU_14_g0_auto_3.lt;0
BAU_14_BAU_14_g0_auto_3.gt;0
BAU_14_BAU_14_g0_auto_3.eq;0
BAU_14_BAU_14_g0_auto_2.out_revert;0
BAU_14_BAU_14_g0_auto_2.ne;0
BAU_14_BAU_14_g0_auto_2.lt;0
BAU_14_BAU_14_g0_auto_2.gt;0
BAU_14_BAU_14_g0_auto_2.eq;0
BAU_14_BAU_14_g0_auto_1.out_revert;0
BAU_14_BAU_14_g0_auto_1.ne;0
BAU_14_BAU_14_g0_auto_1.lt;0
BAU_14_BAU_14_g0_auto_1.gt;0
BAU_14_BAU_14_g0_auto_1.eq;0
BAU_14_BAU_14_g0_auto_0.out_revert;0
BAU_14_BAU_14_g0_auto_0.ne;0
BAU_14_BAU_14_g0_auto_0.lt;0
BAU_14_BAU_14_g0_auto_0.gt;0
BAU_14_BAU_14_g0_auto_0.eq;0
BAU_12_BAU_12_g0_auto_9.out_revert;0
BAU_12_BAU_12_g0_auto_9.out_inc;0
BAU_12_BAU_12_g0_auto_9.ne;0
BAU_12_BAU_12_g0_auto_9.lt;0
BAU_12_BAU_12_g0_auto_9.gt;0
BAU_12_BAU_12_g0_auto_9.eq;0
BAU_12_BAU_12_g0_auto_8.out_revert;0
BAU_12_BAU_12_g0_auto_8.out_inc;0
BAU_12_BAU_12_g0_auto_8.ne;0
BAU_12_BAU_12_g0_auto_8.lt;0
BAU_12_BAU_12_g0_auto_8.gt;0
BAU_12_BAU_12_g0_auto_8.eq;0
BAU_12_BAU_12_g0_auto_7.out_revert;0
BAU_12_BAU_12_g0_auto_7.out_inc;0
BAU_12_BAU_12_g0_auto_7.ne;0
BAU_12_BAU_12_g0_auto_7.lt;0
BAU_12_BAU_12_g0_auto_7.gt;0
BAU_12_BAU_12_g0_auto_7.eq;0
BAU_12_BAU_12_g0_auto_6.out_revert;0
BAU_12_BAU_12_g0_auto_6.out_inc;0
BAU_12_BAU_12_g0_auto_6.ne;0
BAU_12_BAU_12_g0_auto_6.lt;0
BAU_12_BAU_12_g0_auto_6.gt;0
BAU_12_BAU_12_g0_auto_6.eq;0
BAU_12_BAU_12_g0_auto_5.out_revert;0
BAU_12_BAU_12_g0_auto_5.out_inc;0
BAU_12_BAU_12_g0_auto_5.ne;0
BAU_12_BAU_12_g0_auto_5.lt;0
BAU_12_BAU_12_g0_auto_5.gt;0
BAU_12_BAU_12_g0_auto_5.eq;0
BAU_12_BAU_12_g0_auto_4.out_revert;0
BAU_12_BAU_12_g0_auto_4.out_inc;0
BAU_12_BAU_12_g0_auto_4.ne;0
BAU_12_BAU_12_g0_auto_4.lt;0
BAU_12_BAU_12_g0_auto_4.eq;0
BAU_12_BAU_12_g0_auto_3.out_revert;0
BAU_12_BAU_12_g0_auto_3.out_inc;0
BAU_12_BAU_12_g0_auto_3.ne;0
BAU_12_BAU_12_g0_auto_3.lt;0
BAU_12_BAU_12_g0_auto_3.gt;0
BAU_12_BAU_12_g0_auto_3.eq;0
BAU_12_BAU_12_g0_auto_2.out_revert;0
BAU_12_BAU_12_g0_auto_2.out_inc;0
BAU_12_BAU_12_g0_auto_2.ne;0
BAU_12_BAU_12_g0_auto_2.gt;0
BAU_12_BAU_12_g0_auto_13.out_revert;0
BAU_12_BAU_12_g0_auto_13.out_inc;0
BAU_12_BAU_12_g0_auto_13.ne;0
BAU_12_BAU_12_g0_auto_13.lt;0
BAU_12_BAU_12_g0_auto_13.gt;0
BAU_12_BAU_12_g0_auto_13.eq;0
BAU_12_BAU_12_g0_auto_12.out_revert;0
BAU_12_BAU_12_g0_auto_12.out_inc;0
BAU_12_BAU_12_g0_auto_12.ne;0
BAU_12_BAU_12_g0_auto_12.lt;0
BAU_12_BAU_12_g0_auto_12.gt;0
BAU_12_BAU_12_g0_auto_12.eq;0
BAU_12_BAU_12_g0_auto_11.out_revert;0
BAU_12_BAU_12_g0_auto_11.out_inc;0
BAU_12_BAU_12_g0_auto_11.ne;0
BAU_12_BAU_12_g0_auto_11.lt;0
BAU_12_BAU_12_g0_auto_11.gt;0
BAU_12_BAU_12_g0_auto_11.eq;0
BAU_12_BAU_12_g0_auto_10.out_revert;0
BAU_12_BAU_12_g0_auto_10.out_inc;0
BAU_12_BAU_12_g0_auto_10.ne;0
BAU_12_BAU_12_g0_auto_10.lt;0
BAU_12_BAU_12_g0_auto_10.gt;0
BAU_12_BAU_12_g0_auto_10.eq;0
BAU_12_BAU_12_g0_auto_1.out_revert;0
BAU_12_BAU_12_g0_auto_1.out_inc;0
BAU_12_BAU_12_g0_auto_1.ne;0
BAU_12_BAU_12_g0_auto_1.lt;0
BAU_12_BAU_12_g0_auto_1.gt;0
BAU_12_BAU_12_g0_auto_1.eq;0
BAU_12_BAU_12_g0_auto_0.out_revert;0
BAU_12_BAU_12_g0_auto_0.out_inc;0
BAU_12_BAU_12_g0_auto_0.ne;0
BAU_12_BAU_12_g0_auto_0.lt;0
BAU_12_BAU_12_g0_auto_0.gt;0
BAU_12_BAU_12_g0_auto_0.eq;0
BADD_32_BADD_32_g0_auto_9.sub;0
BADD_32_BADD_32_g0_auto_8.sub;0
BADD_32_BADD_32_g0_auto_7.sub;0
BADD_32_BADD_32_g0_auto_6.sub;0
BADD_32_BADD_32_g0_auto_5.sub;0
BADD_32_BADD_32_g0_auto_4.sub;0
BADD_32_BADD_32_g0_auto_3.sub;0
BADD_32_BADD_32_g0_auto_2.sub;0
BADD_32_BADD_32_g0_auto_10.sub;0
BADD_32_BADD_32_g0_auto_1.sub;0
BADD_32_BADD_32_g0_auto_0.sub;0
