Input Port;Fan IN
TU_4_4_12_TU_4_4_12_g0_auto_1.limit_k;2
TU_4_4_12_TU_4_4_12_g0_auto_1.limit_j;2
TU_4_4_12_TU_4_4_12_g0_auto_1.limit_i;2
TU_4_4_12_TU_4_4_12_g0_auto_0.limit_k;2
TU_4_4_12_TU_4_4_12_g0_auto_0.limit_j;2
TU_4_4_12_TU_4_4_12_g0_auto_0.limit_i;2
SIW_CTRL_SIW_CTRL_auto_0.done;2
SHIFT_R5_32_SHIFT_R5_32_g0_auto_3.in;2
SHIFT_R5_32_SHIFT_R5_32_g0_auto_2.in;2
SHIFT_R5_32_SHIFT_R5_32_g0_auto_1.in;2
SHIFT_R5_32_SHIFT_R5_32_g0_auto_0.in;2
SEP_32_SEP_32_g0_auto_1.in;2
SEP_32_SEP_32_g0_auto_0.in;2
MEM_g07.write_b;2
MEM_g07.write_a;2
MEM_g05.write_b;2
MEM_g05.write_a;2
MEM_g04.write_b;2
MEM_g04.write_a;2
MEM_g03.write_b;2
MEM_g03.write_a;2
MEM_g01.write_a;2
MEM_g01.address_a;2
BM_BM_g0_auto_0.i3;2
BM_BM_g0_auto_0.i2;2
BM_BM_g0_auto_0.i1;2
BM_BM_g0_auto_0.i0;2
BAU_12_BAU_12_g0_auto_4.ld_val;2
BAU_12_BAU_12_g0_auto_3.ld_val;2
BAU_12_BAU_12_g0_auto_3.ld;2
BAU_12_BAU_12_g0_auto_3.inc;2
BAU_12_BAU_12_g0_auto_3.en;2
BAU_12_BAU_12_g0_auto_2.ld_val;2
BAU_12_BAU_12_g0_auto_2.cmp;2
BAU_12_BAU_12_g0_auto_13.ld_val;2
BAU_12_BAU_12_g0_auto_13.inc;2
BAU_12_BAU_12_g0_auto_12.ld_val;2
BAU_12_BAU_12_g0_auto_12.ld;2
BAU_12_BAU_12_g0_auto_12.inc;2
BAU_12_BAU_12_g0_auto_12.en;2
BAU_12_BAU_12_g0_auto_11.ld_val;2
BAU_12_BAU_12_g0_auto_11.inc;2
BAU_12_BAU_12_g0_auto_10.ld;2
BAU_12_BAU_12_g0_auto_10.inc;2
BAU_12_BAU_12_g0_auto_10.en;2
BAU_12_BAU_12_g0_auto_1.ld_val;2
BAU_12_BAU_12_g0_auto_1.ld;2
BAU_12_BAU_12_g0_auto_1.inc;2
BAU_12_BAU_12_g0_auto_1.en;2
BAU_12_BAU_12_g0_auto_0.ld_val;2
BAU_12_BAU_12_g0_auto_0.ld;2
BAU_12_BAU_12_g0_auto_0.inc;2
BAU_12_BAU_12_g0_auto_0.en;2
BADD_32_BADD_32_g0_auto_2.i1;2
BADD_32_BADD_32_g0_auto_2.i0;2
BADD_32_BADD_32_g0_auto_10.i1;2
BADD_32_BADD_32_g0_auto_10.i0;2
BADD_32_BADD_32_g0_auto_1.i1;2
BADD_32_BADD_32_g0_auto_1.i0;2
BADD_32_BADD_32_g0_auto_0.i1;2
BADD_32_BADD_32_g0_auto_0.i0;2
TU_4_4_12_TU_4_4_12_g0_auto_1.limit_h;1
TU_4_4_12_TU_4_4_12_g0_auto_1.en;1
TU_4_4_12_TU_4_4_12_g0_auto_0.limit_h;1
TU_4_4_12_TU_4_4_12_g0_auto_0.en;1
SREG_32_SREG_32_g0_auto_9.in;1
SREG_32_SREG_32_g0_auto_9.en;1
SREG_32_SREG_32_g0_auto_8.in;1
SREG_32_SREG_32_g0_auto_8.en;1
SREG_32_SREG_32_g0_auto_7.in;1
SREG_32_SREG_32_g0_auto_7.en;1
SREG_32_SREG_32_g0_auto_6.in;1
SREG_32_SREG_32_g0_auto_6.en;1
SREG_32_SREG_32_g0_auto_5.in;1
SREG_32_SREG_32_g0_auto_5.en;1
SREG_32_SREG_32_g0_auto_4.in;1
SREG_32_SREG_32_g0_auto_4.en;1
SREG_32_SREG_32_g0_auto_3.in;1
SREG_32_SREG_32_g0_auto_3.en;1
SREG_32_SREG_32_g0_auto_2.in;1
SREG_32_SREG_32_g0_auto_2.en;1
SREG_32_SREG_32_g0_auto_1.in;1
SREG_32_SREG_32_g0_auto_1.en;1
SREG_32_SREG_32_g0_auto_0.in;1
SREG_32_SREG_32_g0_auto_0.en;1
SREG_12_SREG_12_g0_auto_1.in;1
SREG_12_SREG_12_g0_auto_1.en;1
SREG_12_SREG_12_g0_auto_0.in;1
SREG_12_SREG_12_g0_auto_0.en;1
SIW_CTRL_SIW_CTRL_auto_0.rd_next;1
SIW_CTRL_SIW_CTRL_auto_0.next;1
SIW_CTRL_SIW_CTRL_auto_0.m0_addr_b;1
SIW_CTRL_SIW_CTRL_auto_0.m0_addr_a;1
SIW_CTRL_SIW_CTRL_auto_0.is_last;1
SIW_CTRL_SIW_CTRL_auto_0.in_addr_b;1
SIW_CTRL_SIW_CTRL_auto_0.in_addr_a;1
SHIFT_R5_32_SHIFT_R5_32_g0_auto_7.in;1
SHIFT_R5_32_SHIFT_R5_32_g0_auto_6.in;1
SHIFT_R5_32_SHIFT_R5_32_g0_auto_5.in;1
SHIFT_R5_32_SHIFT_R5_32_g0_auto_4.in;1
ND_ND_g0_auto_0.posY;1
ND_ND_g0_auto_0.posX;1
ND_ND_g0_auto_0.mode;1
ND_ND_g0_auto_0.en;1
ND_ND_g0_auto_0.chroma;1
ND_ND_g0_auto_0.bSize;1
MUX4TO1_32_MUX4TO1_32_g0_auto_7.s0;1
MUX4TO1_32_MUX4TO1_32_g0_auto_7.i3;1
MUX4TO1_32_MUX4TO1_32_g0_auto_7.i2;1
MUX4TO1_32_MUX4TO1_32_g0_auto_7.i1;1
MUX4TO1_32_MUX4TO1_32_g0_auto_7.i0;1
MUX4TO1_32_MUX4TO1_32_g0_auto_6.s0;1
MUX4TO1_32_MUX4TO1_32_g0_auto_6.i3;1
MUX4TO1_32_MUX4TO1_32_g0_auto_6.i2;1
MUX4TO1_32_MUX4TO1_32_g0_auto_6.i1;1
MUX4TO1_32_MUX4TO1_32_g0_auto_6.i0;1
MUX4TO1_32_MUX4TO1_32_g0_auto_5.s0;1
MUX4TO1_32_MUX4TO1_32_g0_auto_5.i3;1
MUX4TO1_32_MUX4TO1_32_g0_auto_5.i2;1
MUX4TO1_32_MUX4TO1_32_g0_auto_5.i1;1
MUX4TO1_32_MUX4TO1_32_g0_auto_5.i0;1
MUX4TO1_32_MUX4TO1_32_g0_auto_4.s0;1
MUX4TO1_32_MUX4TO1_32_g0_auto_4.i3;1
MUX4TO1_32_MUX4TO1_32_g0_auto_4.i2;1
MUX4TO1_32_MUX4TO1_32_g0_auto_4.i1;1
MUX4TO1_32_MUX4TO1_32_g0_auto_4.i0;1
MUX4TO1_32_MUX4TO1_32_g0_auto_3.s0;1
MUX4TO1_32_MUX4TO1_32_g0_auto_3.i3;1
MUX4TO1_32_MUX4TO1_32_g0_auto_3.i2;1
MUX4TO1_32_MUX4TO1_32_g0_auto_3.i1;1
MUX4TO1_32_MUX4TO1_32_g0_auto_3.i0;1
MUX4TO1_32_MUX4TO1_32_g0_auto_2.s0;1
MUX4TO1_32_MUX4TO1_32_g0_auto_2.i3;1
MUX4TO1_32_MUX4TO1_32_g0_auto_2.i2;1
MUX4TO1_32_MUX4TO1_32_g0_auto_2.i1;1
MUX4TO1_32_MUX4TO1_32_g0_auto_2.i0;1
MUX4TO1_32_MUX4TO1_32_g0_auto_1.s0;1
MUX4TO1_32_MUX4TO1_32_g0_auto_1.i3;1
MUX4TO1_32_MUX4TO1_32_g0_auto_1.i2;1
MUX4TO1_32_MUX4TO1_32_g0_auto_1.i1;1
MUX4TO1_32_MUX4TO1_32_g0_auto_1.i0;1
MUX4TO1_32_MUX4TO1_32_g0_auto_0.s0;1
MUX4TO1_32_MUX4TO1_32_g0_auto_0.i3;1
MUX4TO1_32_MUX4TO1_32_g0_auto_0.i2;1
MUX4TO1_32_MUX4TO1_32_g0_auto_0.i1;1
MUX4TO1_32_MUX4TO1_32_g0_auto_0.i0;1
MUX2TO1_32_MUX2TO1_32_g0_auto_0.s0;1
MUX2TO1_32_MUX2TO1_32_g0_auto_0.i1;1
MUX2TO1_32_MUX2TO1_32_g0_auto_0.i0;1
MUL_D4_32_64_MUL_D4_32_64_g0_auto_7.lohi;1
MUL_D4_32_64_MUL_D4_32_64_g0_auto_7.i1;1
MUL_D4_32_64_MUL_D4_32_64_g0_auto_7.i0;1
MUL_D4_32_64_MUL_D4_32_64_g0_auto_6.lohi;1
MUL_D4_32_64_MUL_D4_32_64_g0_auto_6.i1;1
MUL_D4_32_64_MUL_D4_32_64_g0_auto_6.i0;1
MUL_D4_32_64_MUL_D4_32_64_g0_auto_5.lohi;1
MUL_D4_32_64_MUL_D4_32_64_g0_auto_5.i1;1
MUL_D4_32_64_MUL_D4_32_64_g0_auto_5.i0;1
MUL_D4_32_64_MUL_D4_32_64_g0_auto_4.lohi;1
MUL_D4_32_64_MUL_D4_32_64_g0_auto_4.i1;1
MUL_D4_32_64_MUL_D4_32_64_g0_auto_4.i0;1
MUL_D4_32_64_MUL_D4_32_64_g0_auto_3.lohi;1
MUL_D4_32_64_MUL_D4_32_64_g0_auto_3.i1;1
MUL_D4_32_64_MUL_D4_32_64_g0_auto_3.i0;1
MUL_D4_32_64_MUL_D4_32_64_g0_auto_2.lohi;1
MUL_D4_32_64_MUL_D4_32_64_g0_auto_2.i1;1
MUL_D4_32_64_MUL_D4_32_64_g0_auto_2.i0;1
MUL_D4_32_64_MUL_D4_32_64_g0_auto_1.lohi;1
MUL_D4_32_64_MUL_D4_32_64_g0_auto_1.i1;1
MUL_D4_32_64_MUL_D4_32_64_g0_auto_1.i0;1
MUL_D4_32_64_MUL_D4_32_64_g0_auto_0.lohi;1
MUL_D4_32_64_MUL_D4_32_64_g0_auto_0.i1;1
MUL_D4_32_64_MUL_D4_32_64_g0_auto_0.i0;1
MEM_g09.write_b;1
MEM_g09.write_a;1
MEM_g09.data_in_b;1
MEM_g09.data_in_a;1
MEM_g09.address_b;1
MEM_g09.address_a;1
MEM_g08.write_b;1
MEM_g08.write_a;1
MEM_g08.data_in_b;1
MEM_g08.data_in_a;1
MEM_g08.address_b;1
MEM_g08.address_a;1
MEM_g07.data_in_b;1
MEM_g07.data_in_a;1
MEM_g07.address_b;1
MEM_g07.address_a;1
MEM_g06.write_b;1
MEM_g06.write_a;1
MEM_g06.data_in_b;1
MEM_g06.data_in_a;1
MEM_g06.address_b;1
MEM_g06.address_a;1
MEM_g05.data_in_b;1
MEM_g05.data_in_a;1
MEM_g05.address_b;1
MEM_g05.address_a;1
MEM_g04.data_in_b;1
MEM_g04.data_in_a;1
MEM_g04.address_b;1
MEM_g04.address_a;1
MEM_g03.data_in_b;1
MEM_g03.data_in_a;1
MEM_g03.address_b;1
MEM_g03.address_a;1
MEM_g01.write_b;1
MEM_g01.data_in_b;1
MEM_g01.data_in_a;1
MEM_g01.address_b;1
MEM_g00.write_b;1
MEM_g00.write_a;1
MEM_g00.data_in_b;1
MEM_g00.data_in_a;1
MEM_g00.address_b;1
MEM_g00.address_a;1
DLINE_32_16_DLINE_32_16_g0_auto_1.in;1
DLINE_32_16_DLINE_32_16_g0_auto_0.in;1
DLINE_1_16_DLINE_1_16_g0_auto_0.in;1
CONC_32_CONC_32_g0_auto_1.b9;1
CONC_32_CONC_32_g0_auto_1.b8;1
CONC_32_CONC_32_g0_auto_1.b7;1
CONC_32_CONC_32_g0_auto_1.b6;1
CONC_32_CONC_32_g0_auto_1.b5;1
CONC_32_CONC_32_g0_auto_1.b4;1
CONC_32_CONC_32_g0_auto_1.b31;1
CONC_32_CONC_32_g0_auto_1.b30;1
CONC_32_CONC_32_g0_auto_1.b3;1
CONC_32_CONC_32_g0_auto_1.b29;1
CONC_32_CONC_32_g0_auto_1.b28;1
CONC_32_CONC_32_g0_auto_1.b27;1
CONC_32_CONC_32_g0_auto_1.b26;1
CONC_32_CONC_32_g0_auto_1.b25;1
CONC_32_CONC_32_g0_auto_1.b24;1
CONC_32_CONC_32_g0_auto_1.b23;1
CONC_32_CONC_32_g0_auto_1.b22;1
CONC_32_CONC_32_g0_auto_1.b21;1
CONC_32_CONC_32_g0_auto_1.b20;1
CONC_32_CONC_32_g0_auto_1.b2;1
CONC_32_CONC_32_g0_auto_1.b19;1
CONC_32_CONC_32_g0_auto_1.b18;1
CONC_32_CONC_32_g0_auto_1.b17;1
CONC_32_CONC_32_g0_auto_1.b16;1
CONC_32_CONC_32_g0_auto_1.b15;1
CONC_32_CONC_32_g0_auto_1.b14;1
CONC_32_CONC_32_g0_auto_1.b13;1
CONC_32_CONC_32_g0_auto_1.b12;1
CONC_32_CONC_32_g0_auto_1.b11;1
CONC_32_CONC_32_g0_auto_1.b10;1
CONC_32_CONC_32_g0_auto_1.b1;1
CONC_32_CONC_32_g0_auto_1.b0;1
CONC_32_CONC_32_g0_auto_0.b9;1
CONC_32_CONC_32_g0_auto_0.b8;1
CONC_32_CONC_32_g0_auto_0.b7;1
CONC_32_CONC_32_g0_auto_0.b6;1
CONC_32_CONC_32_g0_auto_0.b5;1
CONC_32_CONC_32_g0_auto_0.b4;1
CONC_32_CONC_32_g0_auto_0.b31;1
CONC_32_CONC_32_g0_auto_0.b30;1
CONC_32_CONC_32_g0_auto_0.b3;1
CONC_32_CONC_32_g0_auto_0.b29;1
CONC_32_CONC_32_g0_auto_0.b28;1
CONC_32_CONC_32_g0_auto_0.b27;1
CONC_32_CONC_32_g0_auto_0.b26;1
CONC_32_CONC_32_g0_auto_0.b25;1
CONC_32_CONC_32_g0_auto_0.b24;1
CONC_32_CONC_32_g0_auto_0.b23;1
CONC_32_CONC_32_g0_auto_0.b22;1
CONC_32_CONC_32_g0_auto_0.b21;1
CONC_32_CONC_32_g0_auto_0.b20;1
CONC_32_CONC_32_g0_auto_0.b2;1
CONC_32_CONC_32_g0_auto_0.b19;1
CONC_32_CONC_32_g0_auto_0.b18;1
CONC_32_CONC_32_g0_auto_0.b17;1
CONC_32_CONC_32_g0_auto_0.b16;1
CONC_32_CONC_32_g0_auto_0.b15;1
CONC_32_CONC_32_g0_auto_0.b14;1
CONC_32_CONC_32_g0_auto_0.b13;1
CONC_32_CONC_32_g0_auto_0.b12;1
CONC_32_CONC_32_g0_auto_0.b11;1
CONC_32_CONC_32_g0_auto_0.b10;1
CONC_32_CONC_32_g0_auto_0.b1;1
CONC_32_CONC_32_g0_auto_0.b0;1
CLIP_32_CLIP_32_g0_auto_7.up;1
CLIP_32_CLIP_32_g0_auto_7.in;1
CLIP_32_CLIP_32_g0_auto_7.down;1
CLIP_32_CLIP_32_g0_auto_6.up;1
CLIP_32_CLIP_32_g0_auto_6.in;1
CLIP_32_CLIP_32_g0_auto_6.down;1
CLIP_32_CLIP_32_g0_auto_5.up;1
CLIP_32_CLIP_32_g0_auto_5.in;1
CLIP_32_CLIP_32_g0_auto_5.down;1
CLIP_32_CLIP_32_g0_auto_4.up;1
CLIP_32_CLIP_32_g0_auto_4.in;1
CLIP_32_CLIP_32_g0_auto_4.down;1
CLIP_32_CLIP_32_g0_auto_3.up;1
CLIP_32_CLIP_32_g0_auto_3.in;1
CLIP_32_CLIP_32_g0_auto_3.down;1
CLIP_32_CLIP_32_g0_auto_2.up;1
CLIP_32_CLIP_32_g0_auto_2.in;1
CLIP_32_CLIP_32_g0_auto_2.down;1
CLIP_32_CLIP_32_g0_auto_1.up;1
CLIP_32_CLIP_32_g0_auto_1.in;1
CLIP_32_CLIP_32_g0_auto_1.down;1
CLIP_32_CLIP_32_g0_auto_0.up;1
CLIP_32_CLIP_32_g0_auto_0.in;1
CLIP_32_CLIP_32_g0_auto_0.down;1
BM_BM_g0_auto_2.i3;1
BM_BM_g0_auto_2.i2;1
BM_BM_g0_auto_2.i1;1
BM_BM_g0_auto_2.i0;1
BM_BM_g0_auto_1.i3;1
BM_BM_g0_auto_1.i2;1
BM_BM_g0_auto_1.i1;1
BM_BM_g0_auto_1.i0;1
BLU_1_BLU_1_g0_auto_1.i1;1
BLU_1_BLU_1_g0_auto_1.i0;1
BLU_1_BLU_1_g0_auto_1.en;1
BLU_1_BLU_1_g0_auto_0.i1;1
BLU_1_BLU_1_g0_auto_0.i0;1
BLU_1_BLU_1_g0_auto_0.en;1
BD_BD_g0_auto_1.in;1
BD_BD_g0_auto_0.in;1
BAU_14_BAU_14_g0_auto_3.ld_val;1
BAU_14_BAU_14_g0_auto_3.ld;1
BAU_14_BAU_14_g0_auto_3.inc;1
BAU_14_BAU_14_g0_auto_3.en;1
BAU_14_BAU_14_g0_auto_3.cmp;1
BAU_14_BAU_14_g0_auto_2.ld_val;1
BAU_14_BAU_14_g0_auto_2.ld;1
BAU_14_BAU_14_g0_auto_2.inc;1
BAU_14_BAU_14_g0_auto_2.en;1
BAU_14_BAU_14_g0_auto_2.cmp;1
BAU_14_BAU_14_g0_auto_1.ld_val;1
BAU_14_BAU_14_g0_auto_1.ld;1
BAU_14_BAU_14_g0_auto_1.inc;1
BAU_14_BAU_14_g0_auto_1.en;1
BAU_14_BAU_14_g0_auto_1.cmp;1
BAU_14_BAU_14_g0_auto_0.ld_val;1
BAU_14_BAU_14_g0_auto_0.ld;1
BAU_14_BAU_14_g0_auto_0.inc;1
BAU_14_BAU_14_g0_auto_0.en;1
BAU_14_BAU_14_g0_auto_0.cmp;1
BAU_12_BAU_12_g0_auto_9.ld_val;1
BAU_12_BAU_12_g0_auto_9.ld;1
BAU_12_BAU_12_g0_auto_9.inc;1
BAU_12_BAU_12_g0_auto_9.en;1
BAU_12_BAU_12_g0_auto_9.cmp;1
BAU_12_BAU_12_g0_auto_8.ld_val;1
BAU_12_BAU_12_g0_auto_8.ld;1
BAU_12_BAU_12_g0_auto_8.inc;1
BAU_12_BAU_12_g0_auto_8.en;1
BAU_12_BAU_12_g0_auto_8.cmp;1
BAU_12_BAU_12_g0_auto_7.ld_val;1
BAU_12_BAU_12_g0_auto_7.ld;1
BAU_12_BAU_12_g0_auto_7.inc;1
BAU_12_BAU_12_g0_auto_7.en;1
BAU_12_BAU_12_g0_auto_7.cmp;1
BAU_12_BAU_12_g0_auto_6.ld_val;1
BAU_12_BAU_12_g0_auto_6.ld;1
BAU_12_BAU_12_g0_auto_6.inc;1
BAU_12_BAU_12_g0_auto_6.en;1
BAU_12_BAU_12_g0_auto_6.cmp;1
BAU_12_BAU_12_g0_auto_5.ld_val;1
BAU_12_BAU_12_g0_auto_5.ld;1
BAU_12_BAU_12_g0_auto_5.inc;1
BAU_12_BAU_12_g0_auto_5.en;1
BAU_12_BAU_12_g0_auto_5.cmp;1
BAU_12_BAU_12_g0_auto_4.ld;1
BAU_12_BAU_12_g0_auto_4.inc;1
BAU_12_BAU_12_g0_auto_4.en;1
BAU_12_BAU_12_g0_auto_4.cmp;1
BAU_12_BAU_12_g0_auto_3.cmp;1
BAU_12_BAU_12_g0_auto_2.ld;1
BAU_12_BAU_12_g0_auto_2.inc;1
BAU_12_BAU_12_g0_auto_2.en;1
BAU_12_BAU_12_g0_auto_13.ld;1
BAU_12_BAU_12_g0_auto_13.en;1
BAU_12_BAU_12_g0_auto_13.cmp;1
BAU_12_BAU_12_g0_auto_12.cmp;1
BAU_12_BAU_12_g0_auto_11.ld;1
BAU_12_BAU_12_g0_auto_11.en;1
BAU_12_BAU_12_g0_auto_11.cmp;1
BAU_12_BAU_12_g0_auto_10.ld_val;1
BAU_12_BAU_12_g0_auto_10.cmp;1
BAU_12_BAU_12_g0_auto_1.cmp;1
BAU_12_BAU_12_g0_auto_0.cmp;1
BADD_32_BADD_32_g0_auto_9.i1;1
BADD_32_BADD_32_g0_auto_9.i0;1
BADD_32_BADD_32_g0_auto_8.i1;1
BADD_32_BADD_32_g0_auto_8.i0;1
BADD_32_BADD_32_g0_auto_7.i1;1
BADD_32_BADD_32_g0_auto_7.i0;1
BADD_32_BADD_32_g0_auto_6.i1;1
BADD_32_BADD_32_g0_auto_6.i0;1
BADD_32_BADD_32_g0_auto_5.i1;1
BADD_32_BADD_32_g0_auto_5.i0;1
BADD_32_BADD_32_g0_auto_4.i1;1
BADD_32_BADD_32_g0_auto_4.i0;1
BADD_32_BADD_32_g0_auto_3.i1;1
BADD_32_BADD_32_g0_auto_3.i0;1
BADD3_32_BADD3_32_g0_auto_7.i2;1
BADD3_32_BADD3_32_g0_auto_7.i1;1
BADD3_32_BADD3_32_g0_auto_7.i0;1
BADD3_32_BADD3_32_g0_auto_6.i2;1
BADD3_32_BADD3_32_g0_auto_6.i1;1
BADD3_32_BADD3_32_g0_auto_6.i0;1
BADD3_32_BADD3_32_g0_auto_5.i2;1
BADD3_32_BADD3_32_g0_auto_5.i1;1
BADD3_32_BADD3_32_g0_auto_5.i0;1
BADD3_32_BADD3_32_g0_auto_4.i2;1
BADD3_32_BADD3_32_g0_auto_4.i1;1
BADD3_32_BADD3_32_g0_auto_4.i0;1
BADD3_32_BADD3_32_g0_auto_3.i2;1
BADD3_32_BADD3_32_g0_auto_3.i1;1
BADD3_32_BADD3_32_g0_auto_3.i0;1
BADD3_32_BADD3_32_g0_auto_2.i2;1
BADD3_32_BADD3_32_g0_auto_2.i1;1
BADD3_32_BADD3_32_g0_auto_2.i0;1
BADD3_32_BADD3_32_g0_auto_1.i2;1
BADD3_32_BADD3_32_g0_auto_1.i1;1
BADD3_32_BADD3_32_g0_auto_1.i0;1
BADD3_32_BADD3_32_g0_auto_0.i2;1
BADD3_32_BADD3_32_g0_auto_0.i1;1
BADD3_32_BADD3_32_g0_auto_0.i0;1
